{"cameraMode":{"drawMode":0,"name":"Shaded","section":"Shading Mode"},"sceneLighting":true,"audioPlay":false,"sceneViewState":{"showFog":true,"showMaterialUpdate":true,"showSkybox":true,"showFlares":true,"showImageEffects":true,"showParticleSystems":true},"in2DMode":false,"pivot":{"x":0.7068352699279785,"y":1.0,"z":5.83293342590332},"rotation":{"x":-0.01030787080526352,"y":0.9870914816856384,"z":-0.14344407618045808,"w":-0.07089278101921082},"size":5.337278842926025,"orthographic":false}